{
  "lowerWhisker":3.4993683997159453,
  "min":1.15,
  "name":"Tz: Temp zewnetrzna",
  "median":5.0,
  "upperQuartile":6.0,
  "lowerQuartile":4.0,
  "upperWhisker":6.500631600284055,
  "outliers":[4.65,5.0,5.0,5.0,5.0,5.0,5.0,5.0,5.0,5.9,6.0,6.0,6.0,6.6,7.5,7.05,6.75,6.0,6.0,6.0,6.0,6.0,6.0,6.0,6.0,6.0,5.68421052631579,5.0,5.0,4.6,4.0,4.0,4.0,3.95,2.55,2.0,2.0,1.15,1.6,2.36842105263158,3.0,3.73684210526316,4.0,4.65,5.0,5.0,5.0,5.0,5.0,5.0,5.0,5.0,5.9,5.68421052631579,5.0,5.0,4.6],
  "max":7.5
}